idx,symbol,industry,concept
1,INFY,信息技术服务,明星股
2,VSCO,专营零售,
3,LZ,专业服务,
4,XCH,电气设备,次新上市股
5,HGBL,资本市场,
6,SLNO,医疗保健,
7,NBBK,金融,
8,FORA,软件,
9,CFR,金融,
10,NEPH,耐用消费品,
11,INZY,医疗保健,
12,ELVA,非日常生活消费品,
13,THRY,媒体,
14,MSGE,娱乐,
15,NMM,工业,物流
16,IFBD,软件,中概股指数
17,TTSH,专营零售,
18,AOUT,非日常生活消费品,
19,ECOR,医疗保健,
20,CMRX,医疗保健,猴痘概念
21,GTES,机械制造,
22,BCTX,医疗保健,
23,RGCO,公用事业Ⅰ,
24,USM,通讯业务,
25,AVT,专营零售,
26,NTWK,软件,
27,SIG,专营零售,奢侈品
28,RICK,非日常生活消费品,餐饮连锁
29,BYRN,工业,
30,HBIO,医疗保健,
31,CDRE,工业,
32,EML,机械制造,
33,NTAP,信息技术,软件外包
34,DRVN,非日常生活消费品,
35,ATRO,工业,军工
36,MBX,医疗保健,次新上市股
37,TCI,房地产Ⅰ,房地产服务
38,BYND,食品,
39,JFIN,金融,中概股指数
40,GIFI,能源设备与服务,
41,PSTV,医疗保健,
42,IMCC,医疗保健,
43,NECB,金融,
44,TDS,通讯业务,
45,XOMA,医疗保健,
46,UUUU,石油与天然气,金属铀
47,NNBR,机械制造,
48,DGHI,软件,
49,RM,金融,
50,WMK,日常消费品,
51,OKE,石油与天然气,天然气
52,OBLG,信息技术服务,
53,FTEK,商业服务与用品,
54,ADGM,医疗保健,SPAC（特殊目的收购公司）
55,MOD,非日常生活消费品,特斯拉概念
56,VNDA,医疗保健,
57,FARM,日常消费品,
58,RFAI,资本市场,
59,TERN,医疗保健,
60,CTMX,医疗保健,
61,ANTX,医疗保健,
62,ULCC,工业,航空
63,COOP,金融,
64,INGM,软件,次新上市股
65,ADX,资本市场,
66,SLRN,医疗保健,
67,KMI,石油与天然气,油气装备
68,KIM,房地产Ⅰ,现代服务业
69,HSDT,医疗保健,
70,COHR,电子设备与仪器,
71,DUK,公用事业Ⅰ,明星股
72,ANET,信息技术服务,元宇宙
73,NEN,房地产Ⅰ,房地产服务
74,MGRM,医疗保健,
75,SRM,非日常生活消费品,
76,NOW,软件,明星股
77,PZZA,非日常生活消费品,餐饮连锁
78,STEL,金融,
79,FTLF,医疗保健服务,
80,NKSH,金融,
81,SDHY,资本市场,
82,CRVO,医疗保健,抗疫概念
83,LIF,专业服务,次新上市股
84,TWFG,金融,次新上市股
85,NAK,金属与采矿,
86,ULBI,电气设备,
87,RRC,石油与天然气,天然气
88,CWEN,公用事业Ⅰ,
89,BAFN,金融,
90,VAC,非日常生活消费品,
91,VSH,信息技术,
92,AYRO,汽车,汽车制造
93,TSSI,信息技术服务,
94,BIDU,通讯业务,BIT概念
95,GENK,非日常生活消费品,
96,FCNCA,金融,
97,OCX,医疗保健,
98,NEA,资本市场,
99,NEU,化学制品,
100,JUNE,商业服务与用品,次新上市股
101,ULY,专业服务,
102,PYXS,医疗保健,
103,TZUP,信息技术服务,次新上市股
104,TCBS,金融,
105,NAAS,电子设备与仪器,中概股指数
106,EMCG,资本市场,SPAC（特殊目的收购公司）
107,KRON,医疗保健,
108,ILMN,医疗保健,明星股
109,MX,信息技术,半导体
110,CBU,金融,
111,PCVX,医疗保健,
112,PMCB,医疗保健,
113,DTI,能源设备与服务,
114,DAO,综合消费者服务,在线教育
115,PRAA,金融,
116,MAXN,电子设备与仪器,光伏概念
117,RDY,医疗保健,印度概念
118,SMTC,信息技术,
119,TDTH,专业服务,次新上市股
120,GOVX,医疗保健,猴痘概念
121,UTMD,医疗保健,
122,SNTG,金融,中概股指数
123,CCIX,资本市场,
124,NRT,石油与天然气,
125,OCCI,资本市场,
126,DNTH,医疗保健,
127,EFSI,金融,
128,JOB,专业服务,
129,AL,工业,航空租赁
130,BCO,商业服务与用品,
131,SFBS,金融,
132,PDD,非日常生活消费品,电子商务
133,RMSG,信息技术服务,SPAC（特殊目的收购公司）
134,KTB,纺织服装与奢侈品,品牌服饰
135,SWI,软件,
136,HAE,医疗保健,
137,GGR,电子设备与仪器,汽车制造
138,JDZG,综合消费者服务,次新上市股
139,FWRG,非日常生活消费品,餐饮连锁
140,DLHC,专业服务,
141,FIVE,专营零售,
142,TBBB,日常消费品,
143,RAPT,医疗保健,
144,ECAT,资本市场,
145,VIGL,医疗保健,
146,TSBK,金融,
147,SHO,房地产Ⅰ,
148,SUZ,林业与纸制品,
149,FLR,工业,
150,CFB,金融,
151,CMND,医疗保健,
152,CAL,纺织服装与奢侈品,
153,SYTA,通讯业务,
154,TW,资本市场,
155,SRAD,软件,
156,ARHS,专营零售,
157,BFS,房地产Ⅰ,
158,ACLS,信息技术,半导体
159,NVEC,信息技术,半导体
160,EXTR,信息技术,
161,LOPE,综合消费者服务,
162,LVS,非日常生活消费品,明星股
163,DDL,日常消费品,外卖概念
164,NWE,公用事业Ⅰ,
165,XERS,医疗保健,
166,EIC,资本市场,
167,BMR,软件,
168,HELE,耐用消费品,
169,CEVA,信息技术服务,先进封装
170,PTC,软件,AR概念股
171,EFOI,电气设备,
172,CTSH,专业服务,软件外包
173,E,石油与天然气,明星股
174,CETX,电子设备与仪器,
175,BUD,饮料,明星股
176,NOVA,公用事业Ⅰ,
177,HBNC,金融,
178,LFWD,医疗保健,
179,BSTZ,资本市场,
180,AHR,房地产Ⅰ,
181,YCBD,日常消费品,
182,AGFY,机械制造,
183,TLYS,专营零售,
184,TNGX,医疗保健,
185,ALG,机械制造,
186,OM,医疗保健,
187,KEYS,电子设备与仪器,5G
188,PRTS,专营零售,
189,MERC,林业与纸制品,
190,CTHR,纺织服装与奢侈品,奢侈品
191,CVBF,金融,
192,LCFY,软件,
193,COST,日常消费品,物流
194,OPI,房地产Ⅰ,
195,VRAX,医疗保健,猴痘概念
196,CGNT,软件,
197,FFBC,金融,
198,PKE,工业,
199,NISN,机械制造,中概股指数
200,LITE,信息技术,
201,ZAPP,汽车,
202,HUN,化学制品,
203,THR,电气设备,
204,EFSC,金融,
205,BTO,资本市场,
206,BRX,房地产Ⅰ,
207,BACQ,资本市场,
208,FER,工业,
209,BGSF,专业服务,
210,CPS,非日常生活消费品,
211,RBBN,信息技术服务,
212,COCO,饮料,
213,SHEN,通讯业务,光纤
214,UHAL,工业,
215,CPRT,商业服务与用品,
216,RFL,医疗保健,
217,MAN,专业服务,
218,HCM,医疗保健,回港中概股
219,TRAK,软件,
220,PD,软件,
221,HMST,金融,
222,VTS,石油与天然气,
223,THAR,医疗保健,
224,OKLO,公用事业Ⅰ,核电
225,GLOB,软件,
226,SBLK,工业,物流
227,OPAL,石油与天然气,
228,CPHC,非日常生活消费品,博彩
229,ARE,房地产Ⅰ,
230,BGH,资本市场,
231,SPXX,资本市场,
232,PFBC,金融,
233,HLP,机械制造,
234,AMSC,电气设备,
235,FITB,金融,信用支付
236,BIAF,医疗保健,
237,LOB,金融,
238,ARAY,医疗保健,抗癌医药
239,ACTU,医疗保健,次新上市股
240,VINC,医疗保健,
241,NEUP,医疗保健,
242,MGIC,软件,
243,PROP,石油与天然气,
244,ARMN,金属与采矿,黄金
245,SLAB,信息技术,半导体
246,ENTX,医疗保健,
247,RRR,非日常生活消费品,
248,HFFG,非日常生活消费品,
249,KAR,综合消费者服务,
250,UPBD,专营零售,
251,AEG,金融,
252,DYNX,资本市场,
253,KINS,金融,
254,ERIC,信息技术,明星股
255,EMX,金属与采矿,
256,PRTA,医疗保健,阿尔茨海默病
257,IMMX,医疗保健,
258,FBIN,耐用消费品,
259,MDWD,医疗保健,
260,DECA,资本市场,SPAC（特殊目的收购公司）
261,HPE,信息技术,云计算
262,MRBK,金融,
263,LZMH,信息技术服务,次新上市股
264,RHP,房地产Ⅰ,
265,FORD,纺织服装与奢侈品,
266,BLDE,工业,太空探索
267,VRRM,专业服务,
268,BKD,医疗保健服务,
269,FA,专业服务,
270,UP,工业,
271,HYAC,资本市场,空壳公司
272,HQI,专业服务,
273,SUUN,公用事业Ⅰ,
274,ALF,资本市场,
275,OCSL,资本市场,
276,LPSN,信息技术服务,
277,NEOV,电子设备与仪器,
278,TBN,石油与天然气,次新上市股
279,AMBO,综合消费者服务,内地教育
280,SWX,公用事业Ⅰ,
281,FSTR,机械制造,
282,HRTX,医疗保健,
283,PGNY,医疗保健服务,
284,BNIX,资本市场,SPAC（特殊目的收购公司）
285,CGNX,电子设备与仪器,机器人
286,SMPL,食品,
287,OLMA,医疗保健,
288,BA,工业,航空
289,BTM,金融,
290,MTD,医疗保健,ESG概念
291,SYT,房地产Ⅰ,
292,CELH,饮料,
293,RNG,信息技术,SaaS概念
294,BC,机械制造,
295,KITT,机械制造,SPAC（特殊目的收购公司）
296,RFM,资本市场,
297,BEDU,综合消费者服务,在线教育
298,BMY,医疗保健,明星股
299,BOC,媒体,
300,UL,日常消费品,明星股
301,TTEK,商业服务与用品,特朗普概念
302,ARLO,耐用消费品,
303,AGRI,软件,农产品
304,GNW,金融,
305,CHCT,房地产Ⅰ,
306,TPC,工业,
307,WHG,资本市场,
308,CPNG,非日常生活消费品,明星股
309,BKHA,资本市场,
310,SUP,非日常生活消费品,
311,AMRX,医疗保健,
312,RMBI,金融,
313,COF,金融,明星股
314,NSYS,电子设备与仪器,电子元件
315,CLDI,医疗保健,
316,BBNX,医疗保健,次新上市股
317,STX,信息技术,固态硬盘
318,NXPI,信息技术,明星股
319,CCTG,电子设备与仪器,
320,EVR,资本市场,
321,AAT,房地产Ⅰ,
322,ALC,医疗保健,
323,NSSC,电子设备与仪器,
324,GRNQ,金融,NFT概念
325,AUPH,医疗保健,
326,THG,金融,
327,VTRS,医疗保健,猴痘概念
328,NRXS,医疗保健,
329,ENSC,医疗保健,
330,SONM,信息技术,
331,MXL,信息技术,
332,ESRT,房地产Ⅰ,
333,OSTX,医疗保健,次新上市股
334,GLDG,金属与采矿,黄金
335,SLI,化学制品,
336,SKYT,信息技术,
337,HLF,医疗保健服务,
338,CALM,食品,农产品
339,DDC,日常消费品,
340,FBIZ,金融,
341,WNS,专业服务,印度概念
342,DHAI,医疗保健,SPAC（特殊目的收购公司）
343,CMG,非日常生活消费品,明星股
344,SOC,石油与天然气,SPAC（特殊目的收购公司）
345,NTRP,软件,
346,ELMD,医疗保健,
347,NYMT,抵押型REITs,
348,FERG,工业,
349,ROAD,工业,
350,BWLP,工业,物流
351,SLS,医疗保健,
352,KMDA,医疗保健,
353,VFS,汽车,新能源汽车
354,DAVE,软件,
355,CULP,耐用消费品,
356,LAUR,综合消费者服务,
357,GWRE,软件,
358,OSK,机械制造,军工
359,SBSI,金融,
360,SNOA,医疗保健,
361,RIOT,软件,区块链
362,KSCP,商业服务与用品,
363,NWGL,林业与纸制品,
364,WMPN,金融,
365,AXR,房地产Ⅰ,
366,TIGO,通讯业务,
367,XOS,非日常生活消费品,
368,SEVN,房地产Ⅰ,
369,IVT,房地产Ⅰ,
370,PL,信息技术服务,
371,GMRE,房地产Ⅰ,
372,OFS,资本市场,
373,PRCT,医疗保健,
374,MYPS,娱乐,
375,BREA,非日常生活消费品,
376,NOG,石油与天然气,
377,WWD,工业,
378,KRG,房地产Ⅰ,
379,MMI,房地产Ⅰ,房地产服务
380,XBIT,医疗保健,
381,ARTNA,公用事业Ⅰ,水利
382,KRKR,通讯业务,中概股指数
383,ESEA,工业,物流
384,GCBC,金融,
385,ELAB,日常消费品,
386,AZTA,信息技术,
387,MIRA,医疗保健,
388,PLTK,娱乐,
389,NTCL,软件,次新上市股
390,ARTV,医疗保健,次新上市股
391,DCI,机械制造,
392,CHTR,媒体,明星股
393,NSC,工业,物流
394,PGHL,商业服务与用品,次新上市股
395,LASE,电气设备,
396,NXTC,医疗保健,
397,NVCT,医疗保健,
398,FANG,石油与天然气,
399,MHUA,医疗保健,中概股指数
400,FNV,金属与采矿,黄金
401,GMGI,娱乐,
402,VSEE,医疗保健,SPAC（特殊目的收购公司）
403,PWP,专业服务,
404,HWM,工业,太空探索
405,SLRC,资本市场,
406,IMOS,信息技术,台资中概股
407,BBU,工业,
408,PROF,医疗保健,
409,UCAR,专营零售,
410,RELX,信息技术服务,明星股
411,GPC,非日常生活消费品,汽车制造
412,TEVA,医疗保健,大麻概念股
413,GOCO,金融,
414,AAP,专营零售,汽车制造
415,XPER,软件,
416,FTRE,医疗保健,
417,LBRDA,媒体,
418,MOGU,非日常生活消费品,平台经济
419,NMIH,金融,
420,GLV,资本市场,
421,TSAT,信息技术,
422,BY,金融,
423,OS,软件,次新上市股
424,UPWK,软件,
425,RTC,软件,
426,CVKD,医疗保健,
427,NIXX,软件,
428,ATSG,工业,航空
429,SRE,公用事业Ⅰ,明星股
430,ANRO,医疗保健,
431,JTAI,工业,
432,SPGI,资本市场,明星股
433,KPTI,医疗保健,
434,SGRP,媒体,
435,PXS,工业,
436,TSEM,信息技术,
437,BHAT,娱乐,中概科技
438,OXBR,金融,
439,HLLY,非日常生活消费品,
440,DORM,非日常生活消费品,
441,SMTI,医疗保健,
442,SOPH,医疗保健,
443,AAME,金融,
444,CMC,金属与采矿,钢铁概念
445,LQDT,商业服务与用品,
446,JLL,房地产Ⅰ,房地产服务
447,MAG,金属与采矿,白银
448,PDEX,医疗保健,
449,BIIB,医疗保健,明星股
450,PKX,金属与采矿,钢铁概念
451,MAX,信息技术服务,
452,OIS,能源设备与服务,
453,ZEUS,金属与采矿,钢铁概念
454,ARM,信息技术,英伟达概念
455,BLFY,金融,
456,MDIA,媒体,
457,WDS,石油与天然气,
458,WGRX,医疗保健,次新上市股
459,GAP,专营零售,品牌服饰
460,TSQ,媒体,
461,CBSH,金融,
462,CLMT,石油与天然气,
463,APLS,医疗保健,
464,ULTA,专营零售,巴菲特持股
465,OUT,媒体,
466,HCWB,医疗保健,
467,NVNO,医疗保健,
468,BCAB,医疗保健,
469,SLNH,信息技术服务,
470,LVO,娱乐,
471,PGC,金融,
472,QSG,综合消费者服务,
473,CTKB,医疗保健,
474,SHW,化学制品,新材料
475,VATE,金属与采矿,
476,OSRH,医疗保健服务,
477,CLSD,医疗保健,
478,SPOK,通讯业务,
479,ERII,机械制造,
480,TS,金属与采矿,
481,GLMD,医疗保健,
482,LPRO,资本市场,
483,BECN,工业,
484,CPB,食品,
485,ALDX,医疗保健,
486,OSBC,金融,
487,SFL,工业,物流
488,BTDR,软件,区块链
489,EB,通讯业务,
490,CVLG,工业,
491,JBTM,机械制造,
492,AMWD,林业与纸制品,
493,RVSN,电子设备与仪器,
494,GV,综合消费者服务,
495,ATS,软件,
496,THRD,医疗保健,
497,MU,信息技术,移动互联网
498,BLIN,通讯业务,
499,VACH,资本市场,
500,VRDN,医疗保健,
501,AA,金属与采矿,稀有金属
502,AMRK,工业,
503,DAWN,医疗保健,
504,PCSA,医疗保健,
505,AEO,专营零售,
506,GITS,软件,
507,TFIN,金融,
508,PPTA,金属与采矿,
509,DALN,媒体,
510,SAH,专营零售,
511,RCKT,医疗保健,
512,ELV,医疗保健服务,
513,ORGN,化学制品,
514,CNX,石油与天然气,页岩油
515,CVV,化学制品,
516,ACNB,金融,
517,ONTO,信息技术,半导体
518,CUTR,医疗保健,
519,TWI,非日常生活消费品,
520,RIVN,汽车,明星股
521,IAS,通讯业务,
522,NAUT,医疗保健,
523,UMBF,金融,
524,INTC,信息技术,明星股
525,UPST,金融,
526,BCAT,资本市场,
527,EPAC,机械制造,
528,WFC,金融,明星股
529,LNKS,电气设备,次新上市股
530,SITE,工业,
531,MSM,工业,
532,WTRG,公用事业Ⅰ,
533,LTM,工业,航空
534,RILY,资本市场,
535,ASM,金属与采矿,
536,CVI,石油与天然气,
537,TAIT,电子设备与仪器,
538,IBG,饮料,次新上市股
539,BIP,公用事业Ⅰ,
540,NINE,能源设备与服务,
541,CTM,信息技术服务,
542,UPS,工业,物流
543,SONN,医疗保健,
544,ASML,信息技术,明星股
545,SCL,化学制品,
546,DMA,资本市场,
547,NVA,金属与采矿,次新上市股
548,MITT,房地产Ⅰ,
549,HR,房地产Ⅰ,
550,BXP,房地产Ⅰ,
551,NVAX,医疗保健,纳米
552,EWCZ,综合消费者服务,
553,FCN,专业服务,
554,SILO,医疗保健,
555,IAG,金属与采矿,黄金
556,XNET,软件,明星股
557,RLI,金融,
558,LUD,金属与采矿,次新上市股
559,GPN,金融,明星股
560,RA,资本市场,
561,IBO,医疗保健,次新上市股
562,GBR,石油与天然气,房地产服务
563,AMSF,金融,
564,BTMD,医疗保健服务,
565,VRA,纺织服装与奢侈品,
566,LOBO,汽车,汽车制造
567,QBTS,软件,量子科技
568,BH,非日常生活消费品,餐饮连锁
569,HOPE,金融,
570,PEV,机械制造,汽车制造
571,BWB,金融,
572,NODK,金融,
573,ZG,房地产Ⅰ,
574,LWAY,食品,乳业
575,BOKF,金融,
576,CHY,资本市场,
577,RDDT,软件,智慧城市
578,CSTE,工业,
579,CKPT,医疗保健,
580,AMKR,信息技术,半导体
581,LICN,专业服务,
582,MOLN,医疗保健,
583,ACT,金融,
584,GXO,工业,
585,GIG,资本市场,
586,SANA,医疗保健,
587,MMSI,医疗保健,
588,ATXG,纺织服装与奢侈品,
589,CELZ,医疗保健,
590,CLWT,工业,
591,AVY,容器与包装,
592,OLN,化学制品,枪械制造
593,VKTX,医疗保健,
594,HEPS,非日常生活消费品,
595,ADT,商业服务与用品,安防
596,DQ,信息技术,光伏概念
597,CANG,非日常生活消费品,加密货币
598,IZEA,媒体,
599,ZJK,机械制造,次新上市股
600,HCWC,医疗保健,次新上市股
601,INLF,机械制造,次新上市股
602,GFS,信息技术,
603,FTI,能源设备与服务,油气装备
604,RFIL,电子设备与仪器,光纤
605,SN,耐用消费品,
606,XBIO,医疗保健,
607,SNX,专业服务,
608,XHR,房地产Ⅰ,
609,EIG,金融,
610,STAG,房地产Ⅰ,
611,VVX,工业,
612,GSM,金属与采矿,
613,CARV,金融,
614,XELB,纺织服装与奢侈品,品牌服饰
615,SYM,软件,
616,WINT,医疗保健,
617,COCH,医疗保健,
618,RMBL,专营零售,
619,SG,非日常生活消费品,餐饮连锁
620,PEN,医疗保健,
621,LMFA,金融,
622,VRTS,资本市场,
623,CG,资本市场,
624,LTH,非日常生活消费品,
625,ON,信息技术,半导体
626,YJ,非日常生活消费品,中概股指数
627,SLDP,电子设备与仪器,固态电池
628,VERU,医疗保健,抗疫概念
629,LANV,纺织服装与奢侈品,
630,IPAR,日常消费品,
631,AIEV,汽车,汽车制造
632,WAB,机械制造,
633,VOD,通讯业务,明星股
634,NCTY,娱乐,网络游戏
635,LGIH,房地产Ⅰ,
636,FR,房地产Ⅰ,
637,HBI,纺织服装与奢侈品,品牌服饰
638,VIAV,信息技术,
639,MAR,非日常生活消费品,酒店
640,AVXL,医疗保健,
641,NGNE,医疗保健,
642,HTB,金融,
643,PHVS,医疗保健,
644,INVZ,软件,激光雷达
645,FOXO,金融,
646,VET,石油与天然气,
647,AZO,专营零售,汽车制造
648,INSE,软件,
649,WU,金融,现代服务业
650,ATGE,综合消费者服务,
651,AROW,金融,
652,ARL,房地产Ⅰ,
653,KIDS,医疗保健,
654,OSPN,软件,
655,AVAH,医疗保健服务,
656,IKNA,医疗保健,
657,JAZZ,医疗保健,
658,TAVI,资本市场,
659,SNAL,娱乐,
660,CCK,容器与包装,
661,HBCP,金融,
662,PZG,金属与采矿,黄金
663,SEDG,信息技术,光伏概念
664,MAPS,软件,
665,BTA,资本市场,
666,STRT,非日常生活消费品,特斯拉概念
667,BW,电气设备,
668,TLSI,医疗保健,
669,SNN,医疗保健,
670,BEEP,房地产Ⅰ,
671,MBLY,软件,
672,NG,金属与采矿,黄金
673,IGMS,医疗保健,
674,FXNC,金融,
675,AEON,医疗保健,
676,VCSA,耐用消费品,
677,ANGH,通讯业务,
678,BRFH,饮料,
679,MBCN,金融,
680,J,专业服务,
681,BGT,资本市场,
682,ATLX,金属与采矿,
683,JPM,金融,明星股
684,ES,公用事业Ⅰ,天然气
685,TREX,林业与纸制品,
686,OC,原材料Ⅰ,
687,INTS,医疗保健,
688,ARQ,商业服务与用品,固废处理
689,GLPG,医疗保健,
690,LODE,石油与天然气,房地产服务
691,NKTR,医疗保健,
692,FTK,化学制品,
693,ADAP,医疗保健,
694,SMMT,医疗保健,
695,ATOM,信息技术,半导体
696,PLCE,专营零售,
697,ALX,房地产Ⅰ,
698,SNSE,医疗保健,
699,OKUR,医疗保健,
700,VMI,工业,
701,EXK,金属与采矿,
702,NAMI,综合消费者服务,次新上市股
703,TT,机械制造,明星股
704,XRTX,医疗保健,
705,SJ,软件,中概股指数
706,STKH,食品,
707,NOK,信息技术,明星股
708,CAMT,信息技术,半导体
709,MPLX,石油与天然气,高分红概念
710,SWIM,耐用消费品,
711,EFX,专业服务,软件外包
712,VSEC,工业,
713,TNON,医疗保健,
714,CIGI,房地产Ⅰ,房地产服务
715,MLCO,非日常生活消费品,回港中概股
716,LSBK,金融,
717,DXF,金融,
718,DWSN,能源设备与服务,
719,EBR,公用事业Ⅰ,
720,YYAI,非日常生活消费品,
721,CBUS,化学制品,
722,INCY,医疗保健,
723,RETO,原材料Ⅰ,中概股指数
724,SHIM,工业,
725,TTNP,医疗保健,
726,ENVA,金融,
727,ANVS,医疗保健,阿尔茨海默病
728,ASC,工业,物流
729,TEO,通讯业务,
730,RXRX,医疗保健,英伟达概念
731,CLPR,房地产Ⅰ,
732,SVCO,软件,次新上市股
733,RRGB,非日常生活消费品,餐饮连锁
734,BGR,资本市场,
735,BPT,石油与天然气,
736,EVLV,软件,
737,GP,汽车,
738,METC,金属与采矿,煤炭概念
739,AGO,金融,
740,ZDGE,通讯业务,
741,NVMI,信息技术,半导体
742,YYGH,商业服务与用品,次新上市股
743,IMRN,医疗保健,
744,QVCGB,非日常生活消费品,
745,GSIT,信息技术,
746,UROY,资本市场,金属铀
747,QFIN,金融,中概股指数
748,EQR,房地产Ⅰ,现代服务业
749,YEXT,软件,人工智能
750,NXXT,专营零售,
751,FVR,房地产Ⅰ,次新上市股
752,CHMI,房地产Ⅰ,
753,VCYT,医疗保健,
754,ALGM,信息技术,
755,ELTX,医疗保健,
756,XPEV,汽车,新能源汽车
757,HOND,资本市场,
758,TATT,工业,
759,JD,非日常生活消费品,电子商务
760,BOH,金融,
761,PRTC,医疗保健,
762,BBWI,专营零售,
763,TRAW,医疗保健,
764,PNBK,金融,
765,KGC,金属与采矿,黄金
766,PXLW,信息技术,
767,VCTR,资本市场,
768,PIPR,资本市场,
769,MGRC,商业服务与用品,
770,BRDG,房地产Ⅰ,
771,DXCM,医疗保健,物联网
772,BTCM,软件,加密货币
773,JL,纺织服装与奢侈品,
774,PDLB,金融,
775,HVT,专营零售,
776,TECX,医疗保健,
777,PPG,化学制品,新材料
778,PRFX,医疗保健,
779,PDS,能源设备与服务,
780,IFS,金融,
781,MYE,容器与包装,
782,DASH,软件,明星股
783,AORT,医疗保健,
784,CMMB,医疗保健,
785,NATR,医疗保健,
786,AWX,商业服务与用品,废物管理
787,BODI,非日常生活消费品,
788,COHN,资本市场,
789,MGIH,容器与包装,
790,SAP,软件,明星股
791,SRTS,医疗保健,
792,ANEB,医疗保健,
793,PAC,交通基本设施,
794,GSBD,资本市场,
795,PSNYW,汽车,
796,ICCH,金融,
797,IOSP,化学制品,
798,JOUT,非日常生活消费品,体育
799,FGMC,资本市场,
800,PINE,房地产Ⅰ,
801,CYCU,软件,
802,CRGY,石油与天然气,
803,BFZ,资本市场,
804,DSX,工业,物流
805,MTN,非日常生活消费品,
806,UGRO,机械制造,
807,BOLT,医疗保健,
808,SIBN,医疗保健,医疗器械
809,MARA,软件,区块链
810,FBRT,抵押型REITs,
811,MIO,资本市场,
812,ARCC,资本市场,
813,AFBI,金融,
814,KLTO,医疗保健,SPAC（特殊目的收购公司）
815,ZEPP,电子设备与仪器,中概股指数
816,APPN,软件,
817,SVC,房地产Ⅰ,
818,SGLY,工业,中概股指数
819,ISTR,金融,
820,IMCR,医疗保健,
821,ZBRA,电子设备与仪器,ESG概念
822,QTRX,医疗保健,
823,LAC,金属与采矿,
824,MUX,金属与采矿,黄金
825,SLM,金融,
826,NEXT,石油与天然气,
827,EA,娱乐,网络游戏
828,CLRO,信息技术,
829,SHLS,电子设备与仪器,光伏概念
830,SPWH,非日常生活消费品,
831,SRZN,医疗保健,
832,BSVN,金融,
833,HRMY,医疗保健,
834,PVBC,金融,
835,BCBP,金融,
836,SJT,石油与天然气,
837,BLD,耐用消费品,
838,KOD,医疗保健,
839,SXI,机械制造,
840,PCH,房地产Ⅰ,
841,CCEL,医疗保健服务,
842,DEI,房地产Ⅰ,
843,FRBA,金融,
844,FYBR,通讯业务,
845,RDW,工业,
846,NUWE,医疗保健,
847,LIQT,机械制造,纳米
848,TLF,专营零售,
849,PTCT,医疗保健,
850,SBT,金融,
851,STSS,医疗保健,
852,BLW,资本市场,
853,TGI,工业,军工
854,RVP,医疗保健,
855,ANIK,医疗保健,
856,YMM,工业,明星股
857,AHT,房地产Ⅰ,
858,BELFA,电子设备与仪器,电子元件
859,WKEY,信息技术服务,NFT概念
860,ARRY,电子设备与仪器,光伏概念
861,RS,金属与采矿,钢铁概念
862,SXTC,医疗保健,中概股指数
863,AZI,专营零售,次新上市股
864,RENE,资本市场,SPAC（特殊目的收购公司）
865,THM,金属与采矿,黄金
866,CRVL,医疗保健服务,
867,CCIR,资本市场,
868,CPK,公用事业Ⅰ,
869,AACG,综合消费者服务,
870,ADC,房地产Ⅰ,
871,WD,金融,
872,PAVS,软件,
873,GDS,信息技术服务,回港中概股
874,GHC,综合消费者服务,
875,BRTX,医疗保健,
876,COTY,日常消费品,
877,PAL,工业,次新上市股
878,ODV,金属与采矿,黄金
879,CVR,机械制造,
880,CWST,商业服务与用品,固废处理
881,COCP,医疗保健,
882,TGNA,媒体,文化传媒
883,OHI,房地产Ⅰ,
884,EYPT,医疗保健,
885,WAY,软件,次新上市股
886,ABAT,电子设备与仪器,
887,CTGO,金属与采矿,黄金
888,SNCY,工业,航空
889,GSRT,资本市场,
890,BSLK,化学制品,SPAC（特殊目的收购公司）
891,ENLV,医疗保健,
892,VOXR,金属与采矿,
893,LNC,金融,
894,RARE,医疗保健,
895,FSP,房地产Ⅰ,
896,FDP,食品,农产品
897,ATI,金属与采矿,新材料
898,ORMP,医疗保健,
899,SPMC,资本市场,次新上市股
900,STNG,石油与天然气,
901,FORR,专业服务,
902,HUBB,电气设备,
903,QS,电子设备与仪器,固态电池
904,FINW,金融,
905,CHNR,金属与采矿,稀有金属
906,FFIC,金融,
907,FLWS,非日常生活消费品,
908,AFJK,资本市场,
909,AVDL,医疗保健,
910,PAAS,金属与采矿,黄金
911,KNDI,汽车,汽车制造
912,CNVS,娱乐,
913,JBDI,容器与包装,次新上市股
914,AGM,金融,
915,GWRS,公用事业Ⅰ,
916,BKV,石油与天然气,次新上市股
917,CSIQ,电子设备与仪器,光伏概念
918,SB,工业,物流
919,TNC,机械制造,
920,AIOT,通讯业务,
921,LULU,纺织服装与奢侈品,明星股
922,NXRT,房地产Ⅰ,
923,GOOD,房地产Ⅰ,
924,OMAB,交通基本设施,基础建设
925,HOFT,耐用消费品,
926,HOV,耐用消费品,大消费
927,VIK,非日常生活消费品,次新上市股
928,C,金融,明星股
929,AENT,娱乐,
930,BKH,公用事业Ⅰ,
931,SAFT,金融,
932,GROY,金属与采矿,黄金
933,AZN,医疗保健,明星股
934,INDB,金融,
935,MIGI,信息技术服务,
936,KHC,食品,婴幼儿产品
937,ARCT,医疗保健,
938,OTTR,公用事业Ⅰ,
939,QMMM,媒体,次新上市股
940,COLM,纺织服装与奢侈品,品牌服饰
941,NOTV,医疗保健,
942,ECVT,化学制品,
943,HPP,房地产Ⅰ,
944,GYRO,房地产Ⅰ,房地产服务
945,IMAB,医疗保健,中概股指数
946,MOFG,金融,
947,IDCC,信息技术,
948,THS,食品,
949,TWG,食品,次新上市股
950,CCNE,金融,
951,Z,房地产Ⅰ,
952,THC,医疗保健服务,健康产业
953,EMR,电气设备,节能环保
954,SXC,金属与采矿,煤炭概念
955,FMS,医疗保健服务,
956,MYND,综合消费者服务,
957,SANM,电子设备与仪器,电子元件
958,CMT,化学制品,
959,KALV,医疗保健,
960,CF,化学制品,农业现代化
961,VTLE,石油与天然气,
962,SEB,食品,
963,KLC,综合消费者服务,次新上市股
964,TNDM,医疗保健,
965,BACK,医疗保健服务,
966,AGNC,抵押型REITs,
967,BHB,金融,
968,NMAI,资本市场,
969,LPBB,资本市场,
970,ETY,资本市场,
971,MNKD,医疗保健,
972,HAL,能源设备与服务,油气装备
973,TCBP,医疗保健,
974,SCI,综合消费者服务,
975,GBBK,资本市场,SPAC（特殊目的收购公司）
976,BSAC,金融,
977,TOON,娱乐,
978,OII,能源设备与服务,
979,SINT,医疗保健,
980,CUBI,金融,
981,TRNR,非日常生活消费品,
982,POLE,资本市场,
983,NB,金属与采矿,
984,OXLC,资本市场,
985,PAR,软件,
986,SLND,工业,
987,ICLR,医疗保健,
988,HBT,金融,
989,STM,信息技术,无线充电
990,RCON,能源设备与服务,油气装备
991,FTV,机械制造,
992,PDO,资本市场,
993,ASRT,医疗保健,
994,MIRM,医疗保健,
995,BRO,金融,
996,RCKY,纺织服装与奢侈品,体育
997,EMBC,医疗保健,
998,GREE,软件,
999,TTE,石油与天然气,
1000,LIEN,金融,
1001,TJX,专营零售,品牌服饰
1002,NVRI,商业服务与用品,废物管理
1003,APD,化学制品,明星股
1004,WY,房地产Ⅰ,节能环保
1005,AEHR,信息技术,半导体
1006,YOTA,资本市场,SPAC（特殊目的收购公司）
1007,CMTG,抵押型REITs,
1008,RTO,商业服务与用品,
1009,FENC,医疗保健,
1010,GTBP,医疗保健,
1011,CLFD,信息技术,光纤
1012,JG,软件,移动互联网
1013,ENTG,信息技术,半导体
1014,ARKO,专营零售,
1015,BOF,食品,
1016,DBRG,房地产Ⅰ,
1017,RSG,商业服务与用品,节能环保
1018,LPLA,资本市场,
1019,FFIE,汽车,新能源汽车
1020,UNB,金融,
1021,JUNS,医疗保健,次新上市股
1022,IMUX,医疗保健,
1023,FAAS,软件,SPAC（特殊目的收购公司）
1024,REPL,医疗保健,抗癌医药
1025,IBN,金融,明星股
1026,DAR,食品,
1027,FUBO,媒体,
1028,DAIO,电子设备与仪器,电子元件
1029,PAXS,资本市场,
1030,ENFY,化学制品,农业现代化
1031,RDIB,娱乐,
1032,KLG,日常消费品,
1033,MKTW,软件,
1034,WFG,林业与纸制品,木材生产
1035,HUBG,工业,物流
1036,PTHL,医疗保健,次新上市股
1037,GIB,信息技术服务,
1038,GHM,机械制造,核电
1039,CLCO,石油与天然气,
1040,GFI,金属与采矿,黄金
1041,CTOS,公用事业Ⅰ,
1042,UNH,医疗保健服务,健康产业
1043,MHO,耐用消费品,
1044,KLAC,信息技术,光伏概念
1045,USNA,医疗保健,
1046,HCTI,软件,
1047,MOVE,医疗保健,
1048,FPH,房地产Ⅰ,
1049,PHLT,商业服务与用品,
1050,EVOK,医疗保健,
1051,SGMT,医疗保健,
1052,TOST,金融,
1053,CIK,资本市场,
1054,WSBF,金融,
1055,ESPR,医疗保健,
1056,JVSA,资本市场,
1057,LOW,专营零售,明星股
1058,TZOO,媒体,
1059,ABT,医疗保健,婴幼儿产品
1060,SKYH,交通基本设施,
1061,TBCH,耐用消费品,消费电子
1062,LSB,医疗保健,
1063,EGP,房地产Ⅰ,
1064,MYRG,工业,
1065,PERF,软件,
1066,FAT,非日常生活消费品,餐饮连锁
1067,LADR,抵押型REITs,
1068,BVN,金属与采矿,
1069,AMOD,资本市场,
1070,USEG,石油与天然气,
1071,LWLG,电子设备与仪器,
1072,ST,电子设备与仪器,
1073,PLAG,食品,中概股指数
1074,EHC,医疗保健服务,
1075,TK,工业,
1076,RKDA,食品,
1077,KSPI,软件,
1078,RMNI,软件,
1079,NNNN,医疗保健,次新上市股
1080,TROX,化学制品,
1081,OSUR,医疗保健,
1082,ZS,信息技术服务,
1083,EHAB,医疗保健服务,
1084,SLVM,林业与纸制品,
1085,WES,石油与天然气,
1086,QTWO,信息技术服务,
1087,PI,通讯业务,物联网
1088,WHD,能源设备与服务,
1089,OVBC,金融,
1090,CHE,医疗保健服务,
1091,BPRN,金融,
1092,MCVT,金融,
1093,PODD,医疗保健,
1094,RXO,工业,
1095,CODA,电子设备与仪器,
1096,MGNX,医疗保健,抗癌医药
1097,FBMS,金融,
1098,SYY,日常消费品,明星股
1099,OBE,石油与天然气,
1100,BRT,抵押型REITs,
1101,O,房地产Ⅰ,现代服务业
1102,LXEO,医疗保健,
1103,DHI,耐用消费品,哈里斯概念
1104,HBM,金属与采矿,金属铜
1105,ICLK,媒体,中概股指数
1106,BCAX,医疗保健,次新上市股
1107,TMC,金属与采矿,
1108,BANC,金融,
1109,INVE,电子设备与仪器,
1110,ARMP,医疗保健,
1111,GBIO,医疗保健,
1112,EEX,媒体,
1113,MOGO,金融,
1114,EBF,商业服务与用品,
1115,REFI,抵押型REITs,
1116,HHH,房地产Ⅰ,
1117,JNJ,医疗保健,健康产业
1118,HLVX,医疗保健,
1119,CWCO,公用事业Ⅰ,
1120,TTAM,工业,次新上市股
1121,CEPU,公用事业Ⅰ,
1122,RFMZ,资本市场,
1123,JBSS,食品,
1124,KELYA,专业服务,
1125,PSEC,资本市场,
1126,NTGR,信息技术,
1127,MNPR,医疗保健,
1128,AAM,资本市场,
1129,GOTU,综合消费者服务,在线教育
1130,GLST,资本市场,
1131,ODD,日常消费品,
1132,STIM,医疗保健,
1133,GELS,医疗保健,次新上市股
1134,III,专业服务,
1135,OGI,医疗保健,大麻概念股
1136,CCB,金融,
1137,SOGP,娱乐,
1138,ZTS,医疗保健,明星股
1139,BLBX,信息技术服务,
1140,DERM,医疗保健,
1141,VTAK,医疗保健,
1142,EWBC,金融,
1143,WVE,医疗保健,
1144,MTG,金融,
1145,WAT,医疗保健,
1146,FSEA,金融,
1147,LI,汽车,新能源汽车
1148,BN,资本市场,
1149,AGMH,软件,中概科技
1150,WCN,商业服务与用品,固废处理
1151,BATRK,非日常生活消费品,
1152,SPRO,医疗保健,
1153,HWC,金融,
1154,RLYB,医疗保健,
1155,KELYB,专业服务,
1156,NPK,耐用消费品,军工
1157,SMFG,金融,明星股
1158,ERJ,工业,航空
1159,PFG,金融,财产管理
1160,HOTH,医疗保健,
1161,ALTO,石油与天然气,
1162,BCS,金融,明星股
1163,EBAY,非日常生活消费品,电子商务
1164,BFC,金融,
1165,KSS,非日常生活消费品,现代服务业
1166,HSTM,医疗保健,
1167,KEN,公用事业Ⅰ,
1168,KFRC,专业服务,
1169,HHS,媒体,
1170,PAY,金融,
1171,WSR,房地产Ⅰ,
1172,QNCX,医疗保健,
1173,XTLB,医疗保健,
1174,TPG,资本市场,
1175,WEN,非日常生活消费品,餐饮连锁
1176,WSBC,金融,
1177,ALEC,医疗保健,
1178,UAN,化学制品,
1179,FBNC,金融,
1180,CVGW,食品,
1181,MGA,非日常生活消费品,特斯拉概念
1182,MACI,资本市场,
1183,SMID,原材料Ⅰ,
1184,STRL,工业,水利
1185,AKAN,医疗保健,
1186,BCRX,医疗保健,WSB概念
1187,LXEH,综合消费者服务,中概股指数
1188,NLOP,房地产Ⅰ,
1189,NN,电子设备与仪器,
1190,NCMI,媒体,
1191,AME,电气设备,
1192,CMS,公用事业Ⅰ,
1193,MUR,石油与天然气,页岩油
1194,FAMI,食品,中概股指数
1195,DJCO,媒体,
1196,ONEG,工业,次新上市股
1197,VXRT,医疗保健,抗疫概念
1198,CNET,通讯业务,区块链
1199,ACET,医疗保健,
1200,TTMI,电子设备与仪器,
1201,NDAQ,资本市场,互联网金融
1202,BERY,容器与包装,
1203,CCO,媒体,
1204,HRTG,金融,
1205,CPRX,医疗保健,
1206,GWAV,商业服务与用品,
1207,LTRN,医疗保健,
1208,TPVG,资本市场,
1209,EMKR,信息技术,光伏概念
1210,CHEF,日常消费品,
1211,ASYS,信息技术,半导体
1212,INSW,石油与天然气,
1213,PONY,软件,次新上市股
1214,VTGN,医疗保健,
1215,CNR,石油与天然气,煤炭概念
1216,DVA,医疗保健服务,生物医药
1217,SNV,金融,
1218,EPM,石油与天然气,
1219,KO,饮料,O2O
1220,UMC,信息技术,集成电路
1221,WB,通讯业务,明星股
1222,LGMK,电子设备与仪器,
1223,APPF,软件,
1224,FIX,工业,ESG概念
1225,RBA,商业服务与用品,
1226,ETON,医疗保健,生物医药
1227,STXS,医疗保健,
1228,BNZI,软件,SPAC（特殊目的收购公司）
1229,AVB,房地产Ⅰ,
1230,BLDP,石油与天然气,氢能源
1231,NMRK,房地产Ⅰ,房地产服务
1232,RBRK,信息技术服务,次新上市股
1233,JBGS,房地产Ⅰ,
1234,ACXP,医疗保健,
1235,TARA,医疗保健,
1236,X,金属与采矿,贸易战受益股
1237,IDAI,软件,
1238,LCTX,医疗保健,
1239,EEFT,金融,
1240,GASS,石油与天然气,物流
1241,VNO,房地产Ⅰ,财产管理
1242,HMN,金融,
1243,WAVE,公用事业Ⅰ,
1244,CTSO,医疗保健,
1245,RELI,金融,
1246,EU,金属与采矿,金属铀
1247,CXW,房地产Ⅰ,
1248,MCS,非日常生活消费品,
1249,GEG,资本市场,
1250,ZWS,机械制造,
1251,GRAB,非日常生活消费品,外卖概念
1252,WCT,软件,次新上市股
1253,IBEX,专业服务,
1254,SPG,房地产Ⅰ,财产管理
1255,QTTB,医疗保健,
1256,RL,纺织服装与奢侈品,品牌服饰
1257,INTJ,金融,次新上市股
1258,SSB,金融,
1259,PTVE,容器与包装,
1260,PETZ,食品,中概股指数
1261,IMAX,娱乐,
1262,TH,非日常生活消费品,
1263,INDI,信息技术,
1264,KURA,医疗保健,
1265,CMPO,综合消费者服务,
1266,FBIO,医疗保健,
1267,ASA,资本市场,
1268,WING,非日常生活消费品,餐饮连锁
1269,ENB,石油与天然气,明星股
1270,BGI,专营零售,奢侈品
1271,SNT,软件,
1272,IRT,房地产Ⅰ,
1273,RWT,抵押型REITs,
1274,XOM,石油与天然气,明星股
1275,TG,化学制品,
1276,BWG,资本市场,
1277,CNA,金融,
1278,SPRC,医疗保健,
1279,LAKE,纺织服装与奢侈品,品牌服饰
1280,GNTY,金融,
1281,BANL,石油与天然气,
1282,TRIN,金融,
1283,CHRS,医疗保健,
1284,SLP,医疗保健,
1285,CTS,电子设备与仪器,电子元件
1286,STFS,媒体,次新上市股
1287,BRBS,金融,
1288,SNPS,软件,
1289,EPC,日常消费品,
1290,HOUR,非日常生活消费品,
1291,CLMB,软件,
1292,UTI,综合消费者服务,
1293,ORA,公用事业Ⅰ,
1294,GGG,机械制造,
1295,PLG,金属与采矿,
1296,VTMX,房地产Ⅰ,
1297,UTHR,医疗保健,
1298,KRRO,医疗保健,
1299,CASK,饮料,次新上市股
1300,LGO,金属与采矿,
1301,MAYS,房地产Ⅰ,房地产服务
1302,LQDA,医疗保健,生物医药
1303,PESI,商业服务与用品,废物管理
1304,VCEL,医疗保健,CAR-T
1305,WIMI,软件,中概股指数
1306,INLX,软件,
1307,MRCY,工业,
1308,SWKS,信息技术,5G
1309,SKYX,耐用消费品,消费电子
1310,GBX,机械制造,
1311,BPOP,金融,
1312,IDYA,医疗保健,
1313,NTST,房地产Ⅰ,
1314,NBXG,资本市场,
1315,CDLR,工业,
1316,HLIO,机械制造,
1317,BBY,专营零售,电子商务
1318,AIRI,工业,
1319,DWTX,医疗保健,
1320,SIRI,媒体,巴菲特持股
1321,WHR,耐用消费品,
1322,PSN,信息技术服务,
1323,FLOC,石油与天然气,次新上市股
1324,LLYVA,媒体,
1325,AWRE,软件,指纹技术
1326,JWEL,非日常生活消费品,中概股指数
1327,GDO,资本市场,
1328,DCO,工业,
1329,BOW,金融,次新上市股
1330,SPLP,金融,
1331,AMWL,医疗保健,
1332,BIRK,纺织服装与奢侈品,
1333,VIV,通讯业务,
1334,ADCT,医疗保健,
1335,LC,金融,互联网金融
1336,BVS,医疗保健,
1337,LVWR,汽车,SPAC（特殊目的收购公司）
1338,TU,通讯业务,高分红概念
1339,JBHT,工业,物流
1340,PAX,资本市场,
1341,ACU,工业,
1342,SNDK,信息技术,
1343,FTCI,电子设备与仪器,光伏概念
1344,EVT,资本市场,
1345,PTLO,非日常生活消费品,餐饮连锁
1346,YETI,非日常生活消费品,大消费
1347,SFM,日常消费品,乳业
1348,TBI,专业服务,
1349,MELI,非日常生活消费品,明星股
1350,KALA,医疗保健,纳米
1351,RGR,非日常生活消费品,枪械制造
1352,CHX,能源设备与服务,
1353,JHG,资本市场,
1354,FRT,房地产Ⅰ,
1355,OCG,非日常生活消费品,中概股指数
1356,ETWO,专业服务,
1357,DAN,非日常生活消费品,
1358,MTSI,信息技术,
1359,AB,资本市场,佩洛西概念
1360,HWH,日常消费品,SPAC（特殊目的收购公司）
1361,FSFG,金融,
1362,NBY,医疗保健,
1363,CTRE,房地产Ⅰ,
1364,CC,化学制品,
1365,SNEX,资本市场,
1366,SRBK,金融,
1367,EDSA,医疗保健,
1368,ACCO,商业服务与用品,
1369,PRME,医疗保健,
1370,IX,资本市场,日本概念
1371,CIO,房地产Ⅰ,
1372,NTCT,信息技术,
1373,AIRT,工业,物流
1374,AIR,工业,军工
1375,FSLY,信息技术服务,
1376,DHT,工业,
1377,YOU,软件,
1378,PRO,软件,
1379,WLK,化学制品,
1380,SBH,专营零售,
1381,SMCI,信息技术服务,人工智能
1382,SHEL,石油与天然气,
1383,HOFV,非日常生活消费品,NFT概念
1384,PSTG,信息技术,
1385,SKT,房地产Ⅰ,
1386,IIPR,房地产Ⅰ,大麻概念股
1387,MESO,医疗保健,
1388,ECDA,非日常生活消费品,汽车制造
1389,RDNT,医疗保健,
1390,AVD,化学制品,
1391,NGL,石油与天然气,
1392,BNED,专营零售,
1393,TRX,金属与采矿,黄金
1394,HUIZ,金融,中概股指数
1395,TKLF,非日常生活消费品,日本概念
1396,ESHA,资本市场,
1397,PRZO,工业,
1398,SBUX,非日常生活消费品,健康产业
1399,ABOS,医疗保健,
1400,ISRG,医疗保健,明星股
1401,ATLN,专业服务,
1402,EVEX,工业,
1403,BUSE,金融,
1404,WMG,娱乐,数字音乐
1405,TRMK,金融,
1406,CRWS,纺织服装与奢侈品,
1407,TNK,石油与天然气,
1408,ALTM,化学制品,锂电池
1409,PMEC,商业服务与用品,
1410,IPWR,电气设备,
1411,MNSO,非日常生活消费品,新零售
1412,CEPO,资本市场,次新上市股
1413,AACT,资本市场,
1414,SEAT,软件,
1415,MI,非日常生活消费品,NFT概念
1416,AFB,资本市场,
1417,HLXB,资本市场,
1418,RYAM,化学制品,
1419,TXT,工业,军工
1420,OPRA,软件,明星股
1421,NEGG,专营零售,WSB概念
1422,MSSA,资本市场,SPAC（特殊目的收购公司）
1423,TGL,软件,
1424,CURI,娱乐,
1425,CURB,房地产Ⅰ,
1426,ICAD,医疗保健,
1427,WT,资本市场,
1428,AWP,资本市场,
1429,MITK,软件,
1430,CNO,金融,
1431,GLYC,医疗保健,
1432,BHST,医疗保健,
1433,BKE,专营零售,
1434,VEEA,信息技术,SPAC（特殊目的收购公司）
1435,GORO,金属与采矿,黄金
1436,VGAS,石油与天然气,
1437,XRAY,医疗保健,健康产业
1438,RUM,信息技术服务,SPAC（特殊目的收购公司）
1439,MBC,专营零售,
1440,LSH,工业,次新上市股
1441,EBC,金融,
1442,BOLD,医疗保健,次新上市股
1443,DOLE,食品,农产品
1444,OFLX,机械制造,
1445,STEM,电气设备,
1446,AMZN,非日常生活消费品,电子商务
1447,LAES,信息技术,量子科技
1448,VICI,房地产Ⅰ,
1449,BRY,石油与天然气,天然气
1450,USAU,金属与采矿,黄金
1451,GRVY,娱乐,
1452,ASTC,工业,传感器
1453,RMCF,食品,
1454,ONDS,通讯业务,
1455,CYH,医疗保健服务,
1456,NFE,石油与天然气,
1457,GT,非日常生活消费品,
1458,XP,资本市场,
1459,MYFW,资本市场,
1460,ONCO,医疗保健,
1461,BDRX,医疗保健,纳米
1462,APOG,工业,
1463,VOC,石油与天然气,
1464,POET,信息技术,
1465,GCL,娱乐,SPAC（特殊目的收购公司）
1466,CTRM,工业,物流
1467,LEGN,医疗保健,
1468,ATO,公用事业Ⅰ,
1469,D,公用事业Ⅰ,明星股
1470,TE,电气设备,
1471,DESP,非日常生活消费品,旅游观光
1472,RELL,电子设备与仪器,电子元件
1473,UVSP,金融,
1474,IAC,通讯业务,
1475,DMRC,软件,
1476,WLKP,化学制品,
1477,MWG,机械制造,
1478,AEM,金属与采矿,黄金
1479,RITR,房地产Ⅰ,次新上市股
1480,CLVT,信息技术服务,
1481,FORTY,信息技术服务,
1482,HALO,医疗保健,
1483,SCLX,医疗保健,
1484,DKS,专营零售,
1485,LNW,非日常生活消费品,
1486,WAL,金融,
1487,KGEI,石油与天然气,
1488,PARR,石油与天然气,
1489,NSPR,医疗保健,
1490,PGR,金融,明星股
1491,HUBS,软件,SaaS概念
1492,ABVE,日常消费品,
1493,SION,医疗保健,次新上市股
1494,IKT,医疗保健,
1495,MA,金融,明星股
1496,RMMZ,资本市场,
1497,CEP,资本市场,次新上市股
1498,RUN,电气设备,光伏概念
1499,DYCQ,资本市场,
1500,CRBP,医疗保健,大麻概念股
1501,PH,机械制造,工业4.0
1502,BGY,资本市场,
1503,BRLT,纺织服装与奢侈品,奢侈品
1504,RDHL,医疗保健,
1505,RBLX,软件,明星股
1506,MCY,金融,
1507,HTLM,专营零售,次新上市股
1508,FSHP,资本市场,
1509,UNTY,金融,
1510,BWMN,工业,
1511,SBET,信息技术服务,博彩
1512,CRC,石油与天然气,
1513,WF,金融,
1514,BHC,医疗保健,
1515,OTIS,机械制造,
1516,ESGR,金融,
1517,STNE,专业服务,巴菲特持股
1518,AVNT,化学制品,
1519,TM,汽车,明星股
1520,TCBK,金融,
1521,IRS,房地产Ⅰ,
1522,BBN,资本市场,
1523,MTEX,日常消费品,
1524,LGCL,专业服务,次新上市股
1525,SNRE,通讯业务,
1526,YELP,信息技术服务,
1527,RSI,非日常生活消费品,博彩
1528,SPAI,软件,次新上市股
1529,LPA,房地产Ⅰ,
1530,ESLT,工业,军工
1531,RPD,专业服务,
1532,OPXS,工业,
1533,ZOM,医疗保健,
1534,GOOGL,通讯业务,BIT概念
1535,SKM,通讯业务,高分红概念
1536,ACB,医疗保健,
1537,ANNA,石油与天然气,
1538,TTAN,软件,次新上市股
1539,WRLD,金融,
1540,LXU,化学制品,
1541,BLK,资本市场,明星股
1542,NTLA,医疗保健,基因编辑
1543,BCPC,化学制品,
1544,VLO,石油与天然气,高分红概念
1545,SKBL,工业,次新上市股
1546,RKT,抵押型REITs,明星股
1547,MODD,医疗保健,
1548,IVCA,资本市场,SPAC（特殊目的收购公司）
1549,PRK,金融,
1550,LVTX,医疗保健,
1551,KTOS,工业,无人机
1552,MOBX,信息技术,SPAC（特殊目的收购公司）
1553,LCII,非日常生活消费品,
1554,ATGL,软件,
1555,RDZN,金融,
1556,MXC,石油与天然气,
1557,AVAV,工业,军工
1558,BLFS,医疗保健,
1559,UHT,房地产Ⅰ,
1560,IH,综合消费者服务,在线教育
1561,DUO,通讯业务,房地产服务
1562,LUMN,通讯业务,人工智能
1563,LOMA,原材料Ⅰ,
1564,SPPL,软件,
1565,PGRE,房地产Ⅰ,
1566,IPGP,电子设备与仪器,半导体
1567,PJT,资本市场,
1568,BDC,电气设备,
1569,SCPX,医疗保健,
1570,DEO,饮料,明星股
1571,NDRA,医疗保健,
1572,LOGI,信息技术,
1573,HUHU,软件,次新上市股
1574,CREG,公用事业Ⅰ,节能环保
1575,NRP,石油与天然气,煤炭概念
1576,TEM,专业服务,人工智能
1577,CWD,房地产Ⅰ,
1578,ABVX,医疗保健,
1579,VRNT,软件,
1580,CBNA,金融,次新上市股
1581,CRESY,食品,
1582,FLO,食品,
1583,GDEN,非日常生活消费品,
1584,SSP,媒体,
1585,RGTI,信息技术服务,量子科技
1586,YSG,日常消费品,中概股指数
1587,MREO,医疗保健,
1588,IRD,医疗保健,
1589,LX,金融,人工智能
1590,ITIC,金融,
1591,ATEC,医疗保健,
1592,PLL,金属与采矿,
1593,ZLAB,医疗保健,回港中概股
1594,IBP,专营零售,
1595,NMCO,资本市场,
1596,JSPR,医疗保健,
1597,PRLD,医疗保健,
1598,CYBR,信息技术服务,
1599,CRDL,医疗保健,
1600,QUBT,软件,量子科技
1601,NEON,电子设备与仪器,电子元件
1602,CVEO,非日常生活消费品,
1603,ALDF,资本市场,
1604,ESQ,金融,
1605,MCK,医疗保健服务,生物医药
1606,HSBC,金融,明星股
1607,EURK,资本市场,
1608,GRI,医疗保健,
1609,WDFC,日常消费品,
1610,IMRX,医疗保健,
1611,JFBR,非日常生活消费品,
1612,CPZ,资本市场,
1613,PBBK,金融,
1614,BWAY,医疗保健,
1615,GEN,软件,
1616,VLY,金融,
1617,PHIO,医疗保健,
1618,FPAY,专营零售,
1619,AEVA,非日常生活消费品,
1620,TNYA,医疗保健,
1621,TOP,资本市场,
1622,WORX,医疗保健,
1623,MODV,医疗保健服务,
1624,SUGP,商业服务与用品,
1625,GFR,石油与天然气,
1626,HIFS,金融,
1627,VZ,通讯业务,明星股
1628,FOA,金融,
1629,SVRE,软件,
1630,DJT,软件,特朗普概念
1631,NTIC,化学制品,
1632,DPRO,工业,无人机
1633,SLGN,容器与包装,
1634,ANF,专营零售,
1635,CSPI,信息技术服务,
1636,ESS,房地产Ⅰ,现代服务业
1637,GVA,工业,
1638,OXSQ,资本市场,
1639,TNET,专业服务,
1640,CYN,软件,
1641,MFI,软件,次新上市股
1642,EGBN,金融,
1643,ASLE,工业,
1644,AIFF,信息技术服务,
1645,ELAN,医疗保健,
1646,MKSI,信息技术,半导体
1647,DECK,纺织服装与奢侈品,体育
1648,NXG,资本市场,
1649,DSY,日常消费品,
1650,TRIP,非日常生活消费品,在线旅游
1651,AERT,专业服务,SPAC（特殊目的收购公司）
1652,OMCC,金融,
1653,ASTL,金属与采矿,钢铁概念
1654,RR,机械制造,
1655,CTCX,医疗保健,
1656,VIRT,资本市场,
1657,ASR,交通基本设施,
1658,CALX,信息技术,
1659,FLGT,医疗保健,基因测序
1660,PBA,石油与天然气,
1661,LGCY,综合消费者服务,次新上市股
1662,FHI,资本市场,
1663,LPAA,资本市场,
1664,LGTY,软件,
1665,AQN,公用事业Ⅰ,
1666,CGON,医疗保健,
1667,SES,电子设备与仪器,
1668,CEE,资本市场,
1669,HURA,医疗保健,
1670,RAIN,公用事业Ⅰ,
1671,EXPO,工业,
1672,SD,石油与天然气,
1673,APTV,非日常生活消费品,高分红概念
1674,ENOV,医疗保健,
1675,TNFA,医疗保健,
1676,FLS,机械制造,油气装备
1677,GRRR,信息技术服务,
1678,SEI,能源设备与服务,
1679,TIMB,通讯业务,
1680,VFC,纺织服装与奢侈品,品牌服饰
1681,MBAV,资本市场,
1682,CVU,工业,
1683,HTHT,非日常生活消费品,酒店
1684,GFF,工业,
1685,BBAI,软件,人工智能
1686,LNSR,医疗保健,
1687,AMGN,医疗保健,明星股
1688,AG,金属与采矿,白银
1689,TIVC,医疗保健,
1690,RELY,信息技术服务,
1691,RVSB,金融,
1692,BBCP,工业,
1693,CDLX,专业服务,
1694,GORV,专营零售,
1695,DHR,医疗保健,明星股
1696,JOBY,工业,飞行汽车
1697,FFWM,资本市场,
1698,GATX,工业,
1699,NCNA,医疗保健,
1700,ENSG,医疗保健服务,
1701,PNRG,石油与天然气,
1702,JANX,医疗保健,
1703,MATV,林业与纸制品,
1704,BLNK,电气设备,充电桩
1705,SKY,耐用消费品,
1706,BMEZ,资本市场,
1707,GBDC,资本市场,
1708,NSTS,金融,
1709,CDZI,公用事业Ⅰ,
1710,GIGM,娱乐,网络游戏
1711,MNR,石油与天然气,
1712,TILE,耐用消费品,
1713,STAK,能源设备与服务,次新上市股
1714,MKTX,资本市场,
1715,TYL,软件,
1716,ECF,资本市场,
1717,NPO,机械制造,
1718,FCEL,公用事业Ⅰ,氢能源
1719,WTTR,能源设备与服务,
1720,PULM,医疗保健,
1721,MITQ,电子设备与仪器,
1722,PPSI,电气设备,
1723,ABBV,医疗保健,明星股
1724,TX,金属与采矿,钢铁概念
1725,M,非日常生活消费品,现代服务业
1726,UHG,耐用消费品,
1727,PCRX,医疗保健,
1728,DH,软件,
1729,DSGN,医疗保健,
1730,UBFO,金融,
1731,HUDI,金属与采矿,中概股指数
1732,MODG,非日常生活消费品,
1733,SCOR,信息技术服务,
1734,SLGL,医疗保健,
1735,ASGN,专业服务,
1736,MEOH,化学制品,
1737,GB,软件,
1738,VAL,能源设备与服务,
1739,PRVA,医疗保健服务,
1740,AIM,医疗保健,
1741,BBAR,金融,
1742,DHC,房地产Ⅰ,
1743,ARDC,资本市场,
1744,WLDS,信息技术,
1745,AVO,日常消费品,农产品
1746,SRDX,医疗保健,
1747,GPCR,医疗保健,
1748,DDOG,软件,SaaS概念
1749,SKIN,日常消费品,
1750,SON,容器与包装,
1751,FIGS,纺织服装与奢侈品,品牌服饰
1752,TEN,石油与天然气,
1753,PPL,公用事业Ⅰ,天然气
1754,GOOG,通讯业务,明星股
1755,OLED,信息技术,OLED
1756,FLNG,工业,
1757,ICG,信息技术,
1758,NWG,金融,高分红概念
1759,AIRE,房地产Ⅰ,
1760,GKOS,医疗保健,
1761,BZAI,软件,
1762,URG,石油与天然气,金属铀
1763,LBTYB,媒体,
1764,CACI,信息技术服务,
1765,COSM,医疗保健服务,
1766,CHRW,工业,物流
1767,LFCR,医疗保健,
1768,MVBF,金融,
1769,NU,金融,
1770,NSA,房地产Ⅰ,
1771,AEIS,电子设备与仪器,
1772,HSY,食品,
1773,RPM,化学制品,
1774,BTCS,软件,加密货币
1775,UBX,医疗保健,
1776,DIT,非日常生活消费品,
1777,QRHC,商业服务与用品,废物管理
1778,AAOI,信息技术,
1779,MUSA,石油与天然气,
1780,SLF,金融,
1781,LAB,医疗保健,
1782,BKN,资本市场,
1783,CMCT,金融,
1784,LRCX,信息技术,集成电路
1785,MPB,金融,
1786,PSNY,汽车,汽车制造
1787,BAND,信息技术服务,
1788,CVLT,软件,
1789,ENGN,医疗保健,SPAC（特殊目的收购公司）
1790,NNOX,医疗保健,英伟达概念
1791,TAC,公用事业Ⅰ,
1792,AN,专营零售,汽车制造
1793,SLE,娱乐,
1794,EVRI,专业服务,博彩
1795,CJET,汽车,汽车制造
1796,DAY,专业服务,SaaS概念
1797,WRBY,医疗保健,
1798,MMC,金融,明星股
1799,SMLR,医疗保健,
1800,AIZ,金融,
1801,ALGN,医疗保健,明星股
1802,AWF,资本市场,
1803,OVLY,金融,
1804,NIVF,医疗保健,
1805,FOSL,纺织服装与奢侈品,奢侈品
1806,DVN,石油与天然气,天然气
1807,AHG,非日常生活消费品,
1808,ABL,金融,
1809,PKBK,金融,
1810,STAA,医疗保健,
1811,EFT,资本市场,
1812,FDBC,金融,
1813,NUKK,专业服务,SPAC（特殊目的收购公司）
1814,SR,公用事业Ⅰ,
1815,EKSO,医疗保健,
1816,AMH,房地产Ⅰ,
1817,COLD,房地产Ⅰ,
1818,HIMS,医疗保健服务,
1819,MDU,公用事业Ⅰ,
1820,XWEL,综合消费者服务,
1821,INGR,食品,
1822,LOCL,食品,农产品
1823,UEIC,耐用消费品,消费电子
1824,CALC,医疗保健,
1825,UDMY,综合消费者服务,
1826,SHLT,医疗保健,
1827,CISO,信息技术服务,
1828,SONO,耐用消费品,智能家居
1829,LBTYA,媒体,
1830,FLYE,汽车,次新上市股
1831,KVYO,软件,
1832,TRN,机械制造,
1833,CDRO,非日常生活消费品,博彩
1834,ADSE,电子设备与仪器,
1835,SFIX,专营零售,
1836,UIS,信息技术服务,
1837,MPU,商业服务与用品,文化传媒
1838,RAYA,电气设备,
1839,PBHC,金融,
1840,MXCT,医疗保健,
1841,CLBT,信息技术服务,
1842,ORRF,金融,
1843,KULR,电子设备与仪器,电子元件
1844,XBP,金融,SPAC（特殊目的收购公司）
1845,SDOT,非日常生活消费品,餐饮连锁
1846,CHCO,金融,
1847,PET,综合消费者服务,
1848,KWE,软件,
1849,SKE,金属与采矿,
1850,BFRG,医疗保健,
1851,PHG,医疗保健服务,明星股
1852,BTG,金属与采矿,黄金
1853,BME,资本市场,
1854,DMLP,石油与天然气,
1855,ARIS,商业服务与用品,
1856,CVE,石油与天然气,
1857,TPCS,工业,
1858,DOW,化学制品,明星股
1859,BKNG,非日常生活消费品,明星股
1860,DLB,电子设备与仪器,
1861,KOP,化学制品,
1862,FBK,金融,
1863,SMHI,工业,物流
1864,NBIS,信息技术服务,
1865,KOF,饮料,明星股
1866,CMPS,医疗保健,
1867,ZYXI,医疗保健,
1868,CNP,公用事业Ⅰ,天然气
1869,EQV,资本市场,
1870,ADP,专业服务,软件外包
1871,VHC,软件,
1872,TOPP,工业,次新上市股
1873,BABA,非日常生活消费品,电子商务
1874,FLX,工业,次新上市股
1875,PBI,商业服务与用品,软件外包
1876,HON,工业,航空
1877,ROST,专营零售,明星股
1878,CLEU,综合消费者服务,
1879,ZM,软件,明星股
1880,XPOF,非日常生活消费品,
1881,TEL,电子设备与仪器,工业4.0
1882,LBRDK,媒体,
1883,MLM,原材料Ⅰ,
1884,UPXI,日常消费品,
1885,STZ,饮料,明星股
1886,AGRO,食品,乳业
1887,CSR,房地产Ⅰ,
1888,FEDU,综合消费者服务,在线教育
1889,CAPN,资本市场,
1890,LAW,专业服务,
1891,ADPT,医疗保健,
1892,TDW,工业,
1893,APLM,医疗保健,
1894,JYD,工业,
1895,NEXN,通讯业务,
1896,NVX,电子设备与仪器,
1897,THO,汽车,
1898,ECX,软件,
1899,TRNS,工业,
1900,SIDU,工业,
1901,INKT,医疗保健,
1902,CRON,医疗保健,大麻概念股
1903,CNXC,信息技术服务,
1904,FRSX,软件,
1905,PBT,石油与天然气,
1906,SERV,商业服务与用品,无人驾驶
1907,HLIT,信息技术,
1908,DGICA,金融,
1909,WM,商业服务与用品,节能环保
1910,LINC,综合消费者服务,
1911,TRC,房地产Ⅰ,
1912,PTGX,医疗保健,
1913,BTE,石油与天然气,
1914,ALLK,医疗保健,
1915,MASS,医疗保健,
1916,XNCR,医疗保健,
1917,SYRA,医疗保健,
1918,DNP,资本市场,
1919,FMNB,金融,
1920,DRCT,通讯业务,
1921,AEP,公用事业Ⅰ,明星股
1922,GOLD,金属与采矿,
1923,NTRS,资本市场,财产管理
1924,ALB,化学制品,锂电池
1925,EXEL,医疗保健,
1926,IART,医疗保健,
1927,HROW,医疗保健,
1928,ABR,资本市场,
1929,DLO,金融,
1930,POLA,公用事业Ⅰ,
1931,CGBS,石油与天然气,
1932,ACNT,金属与采矿,
1933,DVAX,医疗保健,
1934,JELD,工业,
1935,HIHO,机械制造,中概股指数
1936,UFPI,林业与纸制品,木材生产
1937,GPRO,耐用消费品,消费电子
1938,PLUR,医疗保健,
1939,TRDA,医疗保健,
1940,LSAK,软件,
1941,GEL,石油与天然气,
1942,RENB,医疗保健,
1943,MSPR,医疗保健,
1944,SYF,金融,信用支付
1945,INSP,医疗保健,
1946,LSE,能源设备与服务,次新上市股
1947,AAPG,医疗保健,次新上市股
1948,CWK,房地产Ⅰ,房地产服务
1949,AVNS,医疗保健,
1950,SEG,房地产Ⅰ,
1951,HEPA,医疗保健,
1952,SUNS,房地产Ⅰ,
1953,LMB,工业,
1954,LNKB,金融,
1955,FRAF,金融,
1956,IMNN,医疗保健,
1957,FSBC,金融,
1958,CII,资本市场,
1959,HLN,医疗保健服务,
1960,TSM,信息技术,集成电路
1961,TECK,金属与采矿,煤炭概念
1962,VIRC,耐用消费品,
1963,ROIV,医疗保健,
1964,ZNTL,医疗保健,
1965,LASR,信息技术,
1966,LAZ,资本市场,
1967,WFCF,专业服务,
1968,BFH,专业服务,
1969,COLL,医疗保健,
1970,NXL,医疗保健,
1971,CODX,医疗保健,抗疫概念
1972,RSLS,医疗保健,
1973,GDC,信息技术服务,
1974,WKSP,非日常生活消费品,
1975,ADMA,医疗保健,生物医药
1976,HEES,工业,
1977,OPEN,房地产Ⅰ,房地产服务
1978,NWTN,非日常生活消费品,汽车制造
1979,ELLO,公用事业Ⅰ,光伏概念
1980,SNDL,医疗保健,
1981,INCR,日常消费品,
1982,KAPA,医疗保健,次新上市股
1983,CRNC,软件,
1984,CNS,资本市场,
1985,BHIL,食品,
1986,ENPH,电气设备,光伏概念
1987,PLUS,电子设备与仪器,
1988,AKYA,医疗保健,
1989,ATYR,医疗保健,
1990,VSME,媒体,
1991,HCKT,专业服务,
1992,HUMA,医疗保健,
1993,KPLT,软件,
1994,MCRB,医疗保健,
1995,SHIP,工业,物流
1996,ADTN,信息技术,
1997,EOLS,医疗保健,
1998,LNTH,医疗保健,
1999,BMRA,医疗保健,
2000,NKGN,医疗保健,
2001,TCOM,非日常生活消费品,平台经济
2002,NEM,金属与采矿,明星股
2003,IT,信息技术服务,
2004,LNT,公用事业Ⅰ,
2005,DLTH,纺织服装与奢侈品,
2006,BOOT,专营零售,
2007,SFST,金融,
2008,SMG,化学制品,大麻概念股
2009,DMAA,资本市场,
2010,NEXA,金属与采矿,
2011,QVCGA,非日常生活消费品,
2012,CCG,金融,
2013,DGICB,金融,
2014,HCVI,资本市场,SPAC（特殊目的收购公司）
2015,NVS,医疗保健,明星股
2016,TDOC,医疗保健,ESG概念
2017,NOC,工业,明星股
2018,ELUT,医疗保健,
2019,WFRD,能源设备与服务,
2020,MTVA,医疗保健,
2021,JJSF,食品,
2022,BHF,金融,
2023,PCTY,专业服务,
2024,AMPS,公用事业Ⅰ,
2025,BNTC,医疗保健,
2026,RCUS,医疗保健,
2027,CMCM,信息技术服务,移动互联网
2028,ZVRA,医疗保健,
2029,SAR,资本市场,
2030,GRC,机械制造,
2031,TSLX,金融,
2032,LPL,耐用消费品,OLED
2033,HIW,房地产Ⅰ,
2034,CRGX,医疗保健,
2035,SQM,化学制品,锂电池
2036,RYTM,医疗保健,
2037,GTX,非日常生活消费品,
2038,AIXI,软件,
2039,TSE,化学制品,
2040,OKTA,信息技术服务,SaaS概念
2041,LKCO,信息技术服务,物联网
2042,AKTX,医疗保健,
2043,AC,资本市场,
2044,VNET,信息技术服务,明星股
2045,PUMP,能源设备与服务,
2046,DOMH,资本市场,
2047,TRUG,非日常生活消费品,SPAC（特殊目的收购公司）
2048,SOAR,工业,
2049,FMX,饮料,
2050,WMT,日常消费品,电子商务
2051,BCDA,医疗保健,
2052,WLYB,媒体,
2053,CAH,医疗保健服务,生物医药
2054,TBRG,医疗保健,
2055,JACS,资本市场,
2056,LAMR,媒体,
2057,HOLX,医疗保健,
2058,SYPR,非日常生活消费品,
2059,ALOT,信息技术,
2060,AAON,耐用消费品,
2061,PACB,医疗保健,纳米
2062,ITRN,信息技术,
2063,ORKT,软件,次新上市股
2064,BIOX,化学制品,
2065,GSIW,资本市场,
2066,PYPL,金融,明星股
2067,EDTK,综合消费者服务,
2068,RAMP,信息技术服务,
2069,BORR,能源设备与服务,
2070,H,非日常生活消费品,酒店
2071,HTOO,电气设备,
2072,MRCC,金融,
2073,SDGR,医疗保健,
2074,LKQ,非日常生活消费品,
2075,PCYO,公用事业Ⅰ,
2076,NBTB,金融,
2077,ABM,商业服务与用品,
2078,SY,通讯业务,中概股指数
2079,NA,信息技术,中概科技
2080,PYCR,软件,
2081,FISI,金融,
2082,BLND,软件,
2083,SAIL,软件,次新上市股
2084,CFFN,金融,
2085,KFS,金融,
2086,INDV,医疗保健,
2087,AIRS,医疗保健服务,
2088,IBIO,医疗保健,抗疫概念
2089,BRSP,房地产Ⅰ,
2090,UBSI,金融,
2091,AIHS,金融,
2092,EXE,石油与天然气,
2093,ANDE,食品,
2094,CSAI,软件,次新上市股
2095,FIBK,金融,
2096,AEF,资本市场,
2097,MFC,金融,明星股
2098,AMRN,医疗保健,
2099,EXPD,工业,
2100,AVPT,专业服务,
2101,AVTR,医疗保健,
2102,REAL,非日常生活消费品,奢侈品
2103,ROL,商业服务与用品,
2104,GNTA,医疗保健,
2105,MRVL,信息技术,人工智能
2106,EVTL,工业,
2107,BMEA,医疗保健,
2108,RITM,抵押型REITs,
2109,IDXX,医疗保健,明星股
2110,MBWM,金融,
2111,DOYU,通讯业务,电子竞技
2112,ML,金融,
2113,SYNA,信息技术,指纹技术
2114,MORN,资本市场,
2115,CASH,金融,
2116,ALE,公用事业Ⅰ,
2117,VLN,信息技术,
2118,IVZ,资本市场,财产管理
2119,TNMG,通讯业务,SPAC（特殊目的收购公司）
2120,STKL,食品,
2121,UCB,金融,
2122,JBL,电子设备与仪器,苹果概念股
2123,EAT,非日常生活消费品,餐饮连锁
2124,SCKT,信息技术,
2125,AZTR,医疗保健,
2126,FRME,金融,
2127,AGAE,娱乐,
2128,FEBO,专营零售,
2129,URGN,医疗保健,
2130,DTE,公用事业Ⅰ,天然气
2131,SGRY,医疗保健,
2132,OP,工业,物流
2133,GERN,医疗保健,抗癌医药
2134,MOMO,通讯业务,移动互联网
2135,CHDN,非日常生活消费品,博彩
2136,UG,日常消费品,
2137,MNDO,软件,
2138,PII,汽车,
2139,AEMD,医疗保健,抗疫概念
2140,DFIN,资本市场,
2141,DSP,软件,
2142,FVN,资本市场,
2143,MLNK,软件,
2144,KE,电子设备与仪器,
2145,GLQ,资本市场,
2146,ULS,信息技术服务,次新上市股
2147,KRMN,工业,次新上市股
2148,CLRB,医疗保健,
2149,IDR,金属与采矿,黄金
2150,FSV,房地产Ⅰ,房地产服务
2151,MARPS,石油与天然气,
2152,PRLB,机械制造,3D打印
2153,MMM,工业,安防
2154,CRCT,专营零售,
2155,CXDO,信息技术服务,
2156,CRNX,医疗保健,
2157,ANSC,资本市场,
2158,BV,商业服务与用品,
2159,LYTS,电气设备,电子元件
2160,PYPD,医疗保健,
2161,TFSL,金融,
2162,SYNX,耐用消费品,
2163,AFCG,抵押型REITs,
2164,REVB,医疗保健,
2165,RZLT,医疗保健,
2166,FDSB,金融,次新上市股
2167,LYG,金融,明星股
2168,IPHA,医疗保健,
2169,SIMO,信息技术,移动互联网
2170,VALU,媒体,
2171,LIND,非日常生活消费品,邮轮
2172,NVDA,信息技术,明星股
2173,RSKD,信息技术服务,
2174,SIGA,医疗保健,猴痘概念
2175,ONON,纺织服装与奢侈品,
2176,CRS,金属与采矿,
2177,UFPT,医疗保健,
2178,FWONK,娱乐,
2179,TKNO,医疗保健,
2180,KDLY,医疗保健服务,次新上市股
2181,VRE,房地产Ⅰ,
2182,GEHC,医疗保健,
2183,CADE,金融,
2184,MMYT,非日常生活消费品,印度概念
2185,CAG,食品,
2186,BETR,抵押型REITs,
2187,OB,信息技术服务,
2188,SENEB,食品,
2189,OACC,资本市场,
2190,GMS,工业,
2191,TRT,信息技术,半导体
2192,GATE,资本市场,SPAC（特殊目的收购公司）
2193,CENX,金属与采矿,铝业
2194,EVF,资本市场,
2195,RDWR,信息技术服务,
2196,ADUS,医疗保健服务,
2197,SGHT,医疗保健,
2198,INTZ,软件,
2199,SNDR,工业,
2200,AVK,资本市场,
2201,TURN,资本市场,
2202,GPUS,电气设备,
2203,ESGL,商业服务与用品,
2204,MSEX,公用事业Ⅰ,水利
2205,EPRT,房地产Ⅰ,
2206,HOOK,医疗保健,
2207,HIPO,金融,
2208,MAS,工业,
2209,PFGC,日常消费品,
2210,PUBM,信息技术服务,
2211,LHX,工业,明星股
2212,CVX,石油与天然气,明星股
2213,PLUT,金融,次新上市股
2214,TME,娱乐,数字音乐
2215,ORI,金融,
2216,GRFS,医疗保健,
2217,CIFR,软件,
2218,BFLY,医疗保健,
2219,IFRX,医疗保健,
2220,UEC,石油与天然气,金属铀
2221,HVII,资本市场,
2222,WKC,石油与天然气,
2223,XLO,医疗保健,
2224,RMBS,信息技术,
2225,VEEV,医疗保健,明星股
2226,PATK,非日常生活消费品,
2227,UBS,资本市场,明星股
2228,CTO,房地产Ⅰ,
2229,BNT,金融,
2230,RSVR,娱乐,
2231,PAA,石油与天然气,
2232,OCC,信息技术,光纤
2233,LILA,媒体,巴菲特持股
2234,JZ,综合消费者服务,
2235,ANSS,软件,
2236,MTR,石油与天然气,
2237,EXG,资本市场,
2238,XRX,信息技术,现代服务业
2239,CIA,金融,
2240,BFIN,金融,
2241,SHOT,饮料,
2242,STBA,金融,
2243,ITOS,医疗保健,
2244,TORO,石油与天然气,物流
2245,GRYP,软件,
2246,SURG,软件,
2247,EIX,公用事业Ⅰ,
2248,AVGR,医疗保健,
2249,TMP,金融,
2250,SLXN,医疗保健,SPAC（特殊目的收购公司）
2251,SITC,房地产Ⅰ,
2252,MNTS,工业,
2253,CLW,林业与纸制品,
2254,SRRK,医疗保健,
2255,ISPR,日常消费品,
2256,MLP,房地产Ⅰ,房地产服务
2257,KRO,化学制品,
2258,NC,石油与天然气,煤炭概念
2259,IBKR,资本市场,
2260,BIPC,能源设备与服务,
2261,ANIX,医疗保健,
2262,DLR,房地产Ⅰ,明星股
2263,FDS,资本市场,ESG概念
2264,KNOP,工业,物流
2265,CNTY,非日常生活消费品,
2266,AMS,医疗保健,
2267,XYLO,医疗保健,医疗器械
2268,DKNG,非日常生活消费品,博彩
2269,KRMD,医疗保健,
2270,BNL,房地产Ⅰ,
2271,ENVX,电子设备与仪器,锂电池
2272,PHR,医疗保健,
2273,AGH,非日常生活消费品,次新上市股
2274,BBLG,医疗保健,
2275,MCFT,机械制造,
2276,RSSS,信息技术服务,
2277,ALNT,电子设备与仪器,电子元件
2278,BSY,软件,元宇宙
2279,GCI,媒体,
2280,CARS,信息技术服务,大消费
2281,FNKO,非日常生活消费品,NFT概念
2282,SATL,信息技术服务,
2283,VICR,电子设备与仪器,电子元件
2284,MRTN,工业,
2285,NWPX,金属与采矿,水利
2286,PLYA,非日常生活消费品,
2287,ATHM,通讯业务,明星股
2288,BOX,软件,
2289,NUTX,医疗保健服务,
2290,NDLS,非日常生活消费品,餐饮连锁
2291,AIMD,医疗保健,
2292,APAM,资本市场,
2293,BMA,金融,
2294,MGNI,信息技术服务,
2295,HYMC,金属与采矿,黄金
2296,PRG,综合消费者服务,
2297,LARK,金融,
2298,CREV,非日常生活消费品,
2299,PLMR,金融,
2300,SCCO,金属与采矿,明星股
2301,IVR,抵押型REITs,
2302,ATXS,医疗保健,
2303,FLGC,食品,
2304,SOHU,通讯业务,网络游戏
2305,MLSS,医疗保健,
2306,NFG,公用事业Ⅰ,
2307,EVC,媒体,
2308,LCID,汽车,新能源汽车
2309,TELO,医疗保健,
2310,JAKK,非日常生活消费品,玩具及消闲用品
2311,VUZI,耐用消费品,元宇宙
2312,CJMB,工业,次新上市股
2313,ACR,房地产Ⅰ,
2314,BBGI,媒体,
2315,CLLS,医疗保健,
2316,HMC,汽车,明星股
2317,LUCK,非日常生活消费品,
2318,PAYS,专业服务,
2319,SVT,电气设备,
2320,BFRI,医疗保健,
2321,ARVN,医疗保健,
2322,IBCP,金融,
2323,BLNE,饮料,
2324,CHRD,石油与天然气,
2325,NAII,日常消费品,
2326,WYHG,食品,次新上市股
2327,BBUC,工业,
2328,LYT,通讯业务,
2329,NATL,软件,
2330,MCHX,媒体,
2331,AFMD,医疗保健,
2332,LBGJ,耐用消费品,次新上市股
2333,CNMD,医疗保健,
2334,BG,食品,农产品
2335,CPT,房地产Ⅰ,
2336,APG,工业,
2337,CPAY,金融,
2338,GROV,日常消费品,
2339,GAU,金属与采矿,黄金
2340,AVDX,软件,
2341,SMWB,软件,
2342,TRS,工业,
2343,OLPX,日常消费品,
2344,TCTM,综合消费者服务,内地教育
2345,ACRS,医疗保健,
2346,WATT,电气设备,无线充电
2347,DMN,汽车,
2348,RMD,医疗保健,ESG概念
2349,CLOV,金融,WSB概念
2350,CB,金融,明星股
2351,ATER,媒体,
2352,DM,电子设备与仪器,3D打印
2353,JKHY,金融,
2354,BGLC,化学制品,
2355,LCNB,金融,
2356,RBB,金融,
2357,RYN,房地产Ⅰ,
2358,BGS,食品,
2359,ALLY,金融,
2360,NOA,能源设备与服务,
2361,ALTR,软件,
2362,TIPT,金融,
2363,XTKG,软件,
2364,ECC,资本市场,
2365,TVGN,医疗保健,SPAC（特殊目的收购公司）
2366,TCRX,医疗保健,
2367,ATEX,通讯业务,
2368,NICE,软件,
2369,FEAM,金属与采矿,
2370,DLTR,非日常生活消费品,
2371,PBFS,金融,
2372,THFF,金融,
2373,APH,电子设备与仪器,移动互联网
2374,STLD,金属与采矿,特朗普概念
2375,MTW,机械制造,特朗普概念
2376,SJW,公用事业Ⅰ,
2377,SYBX,医疗保健,
2378,GILT,信息技术,
2379,MLI,机械制造,
2380,DFH,耐用消费品,
2381,OBK,金融,
2382,KW,房地产Ⅰ,房地产服务
2383,BILL,软件,
2384,VBTX,金融,
2385,LFMD,医疗保健服务,
2386,FINV,金融,中概股指数
2387,NVRO,医疗保健,
2388,ALXO,医疗保健,
2389,NL,机械制造,
2390,SOUN,软件,人工智能
2391,FRST,金融,
2392,RANG,资本市场,
2393,CCRD,软件,
2394,GOGO,信息技术服务,
2395,TDAC,资本市场,
2396,IMMR,电子设备与仪器,元宇宙
2397,IOR,抵押型REITs,
2398,OSW,非日常生活消费品,
2399,HOG,汽车,汽车制造
2400,TOWN,金融,
2401,IOVA,医疗保健,
2402,BTOG,软件,中概科技
2403,NXT,电子设备与仪器,光伏概念
2404,DTCK,日常消费品,
2405,SQFT,房地产Ⅰ,
2406,ALLO,医疗保健,抗癌医药
2407,CXM,软件,
2408,IRDM,通讯业务,太空探索
2409,EPWK,软件,次新上市股
2410,GVH,工业,
2411,MEGI,资本市场,
2412,U,软件,元宇宙
2413,MLYS,医疗保健,
2414,TITN,工业,
2415,ELF,日常消费品,
2416,NX,工业,
2417,TOYO,电子设备与仪器,光伏概念
2418,TKO,娱乐,
2419,CGEM,医疗保健,
2420,MIST,医疗保健,
2421,MYNA,通讯业务,
2422,GRDN,医疗保健服务,次新上市股
2423,PRSU,商业服务与用品,
2424,SSYS,信息技术,3D打印
2425,GO,非日常生活消费品,
2426,DXST,商业服务与用品,次新上市股
2427,HRZN,资本市场,
2428,IIIN,金属与采矿,
2429,AZZ,电气设备,
2430,LRN,综合消费者服务,
2431,FSBW,金融,
2432,FURY,金属与采矿,黄金
2433,DRI,非日常生活消费品,餐饮连锁
2434,NHI,房地产Ⅰ,
2435,AXIL,非日常生活消费品,
2436,PFSI,金融,
2437,PHH,日常消费品,次新上市股
2438,TPZ,资本市场,
2439,ARTW,机械制造,
2440,BNRG,公用事业Ⅰ,
2441,DBD,软件,
2442,RAIL,机械制造,
2443,BLMZ,娱乐,次新上市股
2444,FMST,电子设备与仪器,
2445,GNS,综合消费者服务,
2446,NBHC,金融,
2447,MRX,金融,次新上市股
2448,CLSK,软件,加密货币
2449,MIND,能源设备与服务,
2450,AFRM,金融,
2451,NOMD,日常消费品,
2452,LEG,耐用消费品,现代服务业
2453,ACN,专业服务,明星股
2454,GLDD,工业,
2455,DBVT,医疗保健,
2456,LTRX,信息技术,
2457,BKTI,信息技术,
2458,AGD,资本市场,
2459,VALN,医疗保健,
2460,POST,食品,
2461,REZI,专业服务,
2462,MLGO,专业服务,中概科技
2463,BEAM,医疗保健,基因编辑
2464,AMPL,软件,
2465,GLP,石油与天然气,
2466,TCRT,医疗保健,
2467,FIVN,信息技术服务,
2468,KXIN,专营零售,中概股指数
2469,TAP,饮料,啤酒概念
2470,MFA,抵押型REITs,
2471,NOTE,专业服务,
2472,INM,医疗保健,
2473,RCAT,软件,无人机
2474,DOMO,专业服务,
2475,XFLT,资本市场,
2476,BMBL,软件,
2477,HII,工业,军工
2478,ORGO,医疗保健,
2479,MWA,机械制造,
2480,ODC,日常消费品,
2481,NVST,医疗保健,
2482,FGL,电子设备与仪器,次新上市股
2483,FNWD,金融,
2484,FPI,房地产Ⅰ,
2485,BRBR,日常消费品,
2486,TLS,软件,
2487,NEO,医疗保健,
2488,VERX,软件,
2489,GHRS,医疗保健,
2490,COOT,食品,SPAC（特殊目的收购公司）
2491,APVO,医疗保健,
2492,EQ,医疗保健,生物医药
2493,SSTI,软件,
2494,CLBR,资本市场,SPAC（特殊目的收购公司）
2495,EH,工业,中概股指数
2496,ABTS,软件,
2497,BX,资本市场,明星股
2498,HIVE,软件,
2499,AARD,医疗保健,次新上市股
2500,KNSL,金融,
2501,HPQ,信息技术,明星股
2502,UONEK,媒体,
2503,TPL,金融,
2504,MP,金属与采矿,
2505,AU,金属与采矿,黄金
2506,RAY,耐用消费品,次新上市股
2507,QXO,信息技术服务,
2508,DRUG,医疗保健,
2509,HOOD,资本市场,WSB概念
2510,CAVA,非日常生活消费品,
2511,GUG,资本市场,
2512,SIMA,资本市场,
2513,TRU,专业服务,
2514,AKAM,信息技术服务,网络安全
2515,ELBM,金属与采矿,
2516,CNXN,电子设备与仪器,
2517,TV,媒体,
2518,IEX,机械制造,
2519,UWMC,金融,
2520,ELME,房地产Ⅰ,
2521,TOVX,医疗保健,
2522,EEIQ,综合消费者服务,
2523,SKYE,医疗保健,
2524,KAI,林业与纸制品,光纤
2525,GDDY,信息技术服务,SaaS概念
2526,LVRO,食品,
2527,ADXN,医疗保健,
2528,GM,汽车,明星股
2529,TDC,软件,大数据
2530,OCFC,金融,
2531,ABCL,医疗保健,
2532,ISRL,资本市场,
2533,IRM,信息技术服务,
2534,JAGX,医疗保健,
2535,VERV,医疗保健,
2536,CYTH,医疗保健,
2537,WRB,金融,
2538,AUTL,医疗保健,
2539,DUOT,软件,
2540,ATNI,通讯业务,电信运营
2541,KFFB,金融,
2542,LCUT,耐用消费品,
2543,OMI,医疗保健服务,
2544,YI,日常消费品,中概股指数
2545,GPK,容器与包装,
2546,UA,纺织服装与奢侈品,品牌服饰
2547,UCTT,信息技术,半导体
2548,ODP,专营零售,
2549,BDMD,医疗保健,SPAC（特殊目的收购公司）
2550,ANGO,医疗保健,
2551,COFS,金融,
2552,BIVI,医疗保健,
2553,ENS,电气设备,锂电池
2554,FSM,金属与采矿,黄金
2555,FLXS,专营零售,
2556,MD,医疗保健服务,
2557,BGC,资本市场,
2558,LEXX,医疗保健,
2559,EG,金融,
2560,BR,专业服务,
2561,HSON,专业服务,
2562,CCCS,软件,
2563,DOGZ,耐用消费品,物联网
2564,VS,软件,
2565,QMCO,信息技术,
2566,EPAM,信息技术服务,
2567,NAT,石油与天然气,
2568,GLAD,资本市场,
2569,PR,石油与天然气,
2570,BIT,资本市场,
2571,GURE,化学制品,中概股指数
2572,SHAK,非日常生活消费品,餐饮连锁
2573,MASI,医疗保健,
2574,BDJ,资本市场,
2575,ABEV,饮料,明星股
2576,INBX,医疗保健,
2577,CWBC,金融,
2578,TCPC,资本市场,
2579,AQST,医疗保健,
2580,SO,公用事业Ⅰ,明星股
2581,ELDN,医疗保健,
2582,WDC,信息技术,固态硬盘
2583,DUOL,综合消费者服务,
2584,COYA,医疗保健,
2585,SIGI,金融,
2586,CCRN,医疗保健服务,
2587,NMFC,资本市场,
2588,KR,日常消费品,巴菲特持股
2589,BELFB,电子设备与仪器,电子元件
2590,SCYX,医疗保健,
2591,APRE,医疗保健,
2592,SGBX,工业,
2593,FEMY,医疗保健服务,
2594,TMDX,医疗保健,
2595,KPRX,医疗保健,
2596,ARCO,非日常生活消费品,餐饮连锁
2597,ACVA,信息技术服务,
2598,WCC,电气设备,
2599,NESR,能源设备与服务,
2600,INFU,医疗保健,
2601,BRW,资本市场,
2602,ROP,工业,明星股
2603,BBDC,资本市场,
2604,KLXE,能源设备与服务,
2605,ICU,医疗保健,
2606,MYNZ,医疗保健,
2607,AMX,通讯业务,明星股
2608,WRD,信息技术服务,无人驾驶
2609,CCAP,金融,
2610,BTOC,工业,次新上市股
2611,ACM,工业,特朗普概念
2612,BWEN,电气设备,
2613,SNOW,信息技术服务,明星股
2614,TKC,通讯业务,
2615,SOBO,石油与天然气,
2616,SSD,工业,
2617,DNN,石油与天然气,金属铀
2618,CHEB,资本市场,
2619,MSA,商业服务与用品,
2620,ZVSA,医疗保健,
2621,IRON,医疗保健,
2622,AMRC,机械制造,
2623,FFNW,金融,
2624,EDUC,媒体,
2625,BOSC,专业服务,
2626,VALE,金属与采矿,明星股
2627,PT,金融,中概股指数
2628,CHCI,房地产Ⅰ,
2629,CETY,公用事业Ⅰ,
2630,ACEL,娱乐,博彩
2631,GANX,医疗保健,
2632,RANI,医疗保健,
2633,EM,综合消费者服务,
2634,TRVG,软件,
2635,MSBI,金融,
2636,VOYA,金融,
2637,CAT,机械制造,明星股
2638,MTLS,信息技术,3D打印
2639,RNXT,医疗保健,
2640,RCEL,医疗保健,
2641,MGEE,公用事业Ⅰ,
2642,CRML,金属与采矿,SPAC（特殊目的收购公司）
2643,PSHG,工业,物流
2644,ITRG,金属与采矿,
2645,NCEW,工业,次新上市股
2646,OGN,医疗保健,
2647,TIGR,资本市场,中概股指数
2648,ICFI,专业服务,
2649,RPT,抵押型REITs,
2650,HTCR,软件,
2651,LIXT,医疗保健,
2652,PSA,房地产Ⅰ,物流
2653,ADV,专业服务,
2654,MHK,耐用消费品,
2655,DOV,机械制造,油气装备
2656,SYRE,医疗保健,
2657,LND,食品,农产品
2658,WRN,金属与采矿,
2659,KBDC,资本市场,次新上市股
2660,NGG,公用事业Ⅰ,明星股
